{
  "id": "token-action-hud-dragonbane",
  "title": "Token Action HUD Dragonbane",
  "description": "Token Action HUD system module for the Dragonbane RPG system. Some icons from game-icons.net (CC BY 3.0).",
  "authors": [
    {
      "name": "Matthias Weeks",
      "url": "https://github.com/Kergalli"
    }
  ],
  "url": "https://github.com/kergalli/token-action-hud-dragonbane",
  "flags": {},
  "version": "2.0.3",
  "compatibility": {
    "minimum": "12.331",
    "verified": "13.347"
  },
  "esmodules": ["./scripts/init.js"],
  "scripts": [],
  "styles": ["./styles/tah-dragonbane-style.css"],
  "languages": [
    {
      "lang": "en",
      "name": "English",
      "path": "languages/en.json"
    },
    {
      "lang": "sv",
      "name": "Svenska",
      "path": "languages/sv.json"
    }
  ],
  "packs": [],
  "relationships": {
    "systems": [
      {
        "id": "dragonbane",
        "type": "system",
        "compatibility": [
          {
            "minimum": "2.0",
            "verified": "2.5"
          }
        ]
      }
    ],
    "requires": [
      {
        "id": "token-action-hud-core",
        "type": "module",
        "compatibility": [
          {
            "minimum": "2.0.0",
            "verified": "2.0.16"
          }
        ]
      },
      {
        "id": "socketlib"
      }
    ],
    "optional": [
      {
        "id": "color-picker",
        "reason": "To enable color pickers in the module settings"
      }
    ],
    "flags": {
      "optional": [
        {
          "id": "color-picker",
          "reason": "To enable color pickers in the module settings"
        }
      ]
    }
  },
  "socket": false,
  "manifest": "https://github.com/kergalli/token-action-hud-dragonbane/releases/latest/download/module.json",
  "download": "https://github.com/kergalli/token-action-hud-dragonbane/releases/latest/download/module.zip",
  "readme": "https://github.com/kergalli/token-action-hud-dragonbane/blob/main/README.md",
  "changelog": "https://github.com/kergalli/token-action-hud-dragonbane/blob/main/CHANGELOG.md",
  "protected": false,
  "coreTranslation": false,
  "library": false
}
